Category,URL
Animal Pins,https://www.pinmart.com/stock-pins/animal-pins/
Awareness Ribbon Pins,https://www.pinmart.com/stock-pins/awareness-pins/awareness-ribbon-pins/
Autism Pins,https://www.pinmart.com/stock-pins/awareness-pins/autism-pins/
Breast Cancer Pins,https://www.pinmart.com/stock-pins/awareness-pins/breast-cancer-pins/
ECO - Green Pins,https://www.pinmart.com/stock-pins/awareness-pins/eco-green-pins/
Mental Health Awareness Pins,https://www.pinmart.com/stock-pins/awareness-pins/mental-health-awareness-pins/
Other Awareness Lapel Pins,https://www.pinmart.com/stock-pins/awareness-pins/other-awareness-lapel-pins/
Equality & Pride Pins,https://www.pinmart.com/stock-pins/awareness-pins/equality-pride-pins/
Cute Pins,https://www.pinmart.com/stock-pins/cool-pins/cute-pins/
Emoji Pins,https://www.pinmart.com/stock-pins/cool-pins/emoji-pins/
Funny Pins,https://www.pinmart.com/stock-pins/cool-pins/funny-pins/
Weed Pins,https://www.pinmart.com/stock-pins/cool-pins/weed-pins/
Academic Pins,https://www.pinmart.com/stock-pins/education-academic-pins/academic-pins/
Graduation Pins,https://www.pinmart.com/stock-pins/education-academic-pins/graduation-pins/
School Pins,https://www.pinmart.com/stock-pins/education-academic-pins/school-pins/
Fashion Pins & Brooches,https://www.pinmart.com/stock-pins/fashion-pins-brooches/
American Flag Pins,https://www.pinmart.com/stock-pins/flag-pins/american-flag-pins/
State Pins,https://www.pinmart.com/stock-pins/flag-pins/state-pins/
World Flag Pins,https://www.pinmart.com/stock-pins/flag-pins/world-flag-pins/
Flower Pins,https://www.pinmart.com/stock-pins/flower-pins/
Heart Pins,https://www.pinmart.com/stock-pins/heart-pins/
Arts & Crafts Pins,https://www.pinmart.com/stock-pins/hobbies-interests/arts-crafts-pins/
Biker Pins,https://www.pinmart.com/stock-pins/hobbies-interests/biker-pins/
Food Pins,https://www.pinmart.com/stock-pins/hobbies-interests/food-pins/
Music Pins,https://www.pinmart.com/stock-pins/hobbies-interests/music-pins/
Travel & Outdoor Pins,https://www.pinmart.com/stock-pins/hobbies-interests/travel-outdoor-pins/
Video Game Pins,https://www.pinmart.com/stock-pins/hobbies-interests/video-game-pins/
Zodiac Pins,https://www.pinmart.com/stock-pins/hobbies-interests/zodiac-pins/
Christmas Pins,https://www.pinmart.com/stock-pins/holiday-pins/christmas-pins/
Easter Pins,https://www.pinmart.com/stock-pins/holiday-pins/easter-pins/
Halloween Pins,https://www.pinmart.com/stock-pins/holiday-pins/halloween-pins/
Shamrock Pins,https://www.pinmart.com/stock-pins/holiday-pins/shamrock-pins/
Valentine's Day Pins,https://www.pinmart.com/stock-pins/holiday-pins/valentines-day-pins/
Other Holiday Pins,https://www.pinmart.com/stock-pins/holiday-pins/other-holiday-pins/
Sport Pins,https://www.pinmart.com/stock-pins/mascot-sport-pins/sport-pins/
Mascot Pins,https://www.pinmart.com/stock-pins/sport-pins/mascot-pins/
Varsity Pins,https://www.pinmart.com/stock-pins/mascot-sport-pins/varsity-pins/
Magnetic Back Pins,https://www.pinmart.com/stock-pins/magnetic-back-pins/
Medical & Nursing Pins,https://www.pinmart.com/stock-pins/medical-nursing-pins/
Air Force Pins,https://www.pinmart.com/stock-pins/military-pins/air-force-pins/
Army Pins,https://www.pinmart.com/stock-pins/military-pins/army-pins/
Coast Guard Pins,https://www.pinmart.com/stock-pins/military-pins/coast-guard-pins/
Marine Corps Pins,https://www.pinmart.com/stock-pins/military-pins/marine-corps-pins/
Navy Pins,https://www.pinmart.com/stock-pins/military-pins/navy-pins/
Space Force Pins,https://www.pinmart.com/stock-pins/military-pins/space-force/
Veteran Pins,https://www.pinmart.com/stock-pins/military-pins/veteran-pins/
Patriotic Pins,https://www.pinmart.com/stock-pins/patriotic-pins/
Pin Sets,https://www.pinmart.com/stock-pins/pin-sets/
Political Pins,https://www.pinmart.com/stock-pins/political-pins-and-more/
First Responder Pins,https://www.pinmart.com/stock-pins/public-service-pins/first-responder-pins/
Police Pins,https://www.pinmart.com/stock-pins/public-service-pins/police-pins/
Safety Pins,https://www.pinmart.com/stock-pins/public-service-pins/safety-pins/
Volunteer Pins,https://www.pinmart.com/stock-pins/public-service-pins/volunteer-pins/
Award Pins,https://www.pinmart.com/stock-pins/recognition-service-pins/award-pins/
Employee Recognition Pins,https://www.pinmart.com/stock-pins/recognition-service-pins/employee-recognition-pins/
Number Pins & Letter Pins,https://www.pinmart.com/stock-pins/recognition-service-pins/number-pins-letter-pins/
Star Pins,https://www.pinmart.com/stock-pins/recognition-service-pins/star-pins/
Years of Service Pins,https://www.pinmart.com/stock-pins/recognition-service-pins/years-of-service-pins/
Angel Pins,https://www.pinmart.com/stock-pins/religious-inspiration-pins/angel-pins/
Religious Pins,https://www.pinmart.com/stock-pins/religious-inspiration-pins/religious-pins/
Inspiration Pins,https://www.pinmart.com/stock-pins/religious-inspiration-pins/inspiration-pins/
Wood Pins,https://www.pinmart.com/stock-pins/wood-pins/
Accessories for Pins,https://www.pinmart.com/stock-pins/accessories-for-pins/
Custom Pins,https://www.pinmart.com/custom-pins/
Appliques-Mini Patches,https://www.pinmart.com/patches/appliques-mini-patches/
Fun & Fashion Patches,https://www.pinmart.com/patches/fun-and-fashion-patches/
Military Patches,https://www.pinmart.com/patches/military-patches/
Service Patches,https://www.pinmart.com/patches/service-patches/
State Patches,https://www.pinmart.com/patches/state-patches/
World Patches,https://www.pinmart.com/patches/world-patches/
Custom Challenge  Coins,https://www.pinmart.com/challenge-coins/custom-challenge-coins/
First Responder Coins,https://www.pinmart.com/challenge-coins/first-responder-coins/
Military Coins,https://www.pinmart.com/challenge-coins/military-coins/
Recognition & Service Coins,https://www.pinmart.com/challenge-coins/recognition-service-coins/
Veteran Coins,https://www.pinmart.com/challenge-coins/veteran-coins/
Air Force,https://www.pinmart.com/military-gifts/air-force/
Army,https://www.pinmart.com/military-gifts/army/
Coast Guard,https://www.pinmart.com/military-gifts/coast-guard/
Marines,https://www.pinmart.com/military-gifts/marines/
Navy,https://www.pinmart.com/military-gifts/navy/
Patriotic,https://www.pinmart.com/military-gifts/patriotic/
Space Force,https://www.pinmart.com/military-gifts/space-force/
Veteran,https://www.pinmart.com/military-gifts/veteran/
9-11 Commemorative Items,https://www.pinmart.com/awareness/9-11-commemorative-items/
Autism Awareness,https://www.pinmart.com/awareness/autism-awareness/
Breast Cancer Awareness,https://www.pinmart.com/awareness/breast-cancer-awareness/
Cancer Awareness,https://www.pinmart.com/awareness/cancer-awareness/
Child Abuse Awareness,https://www.pinmart.com/awareness/child-abuse-awareness/
Diabetes Awareness,https://www.pinmart.com/awareness/diabetes-awareness/
Domestic Violence Awareness,https://www.pinmart.com/awareness/domestic-violence-awareness/
Down Syndrome Awareness,https://www.pinmart.com/awareness/down-syndrome-awareness/
Employee Recognition,https://www.pinmart.com/awareness/employee-recognition/
Environmental Awareness,https://www.pinmart.com/awareness/environmental-awareness/
Heart Disease Awareness,https://www.pinmart.com/awareness/heart-disease-awareness/
HIV / AIDS Awareness,https://www.pinmart.com/awareness/hiv-aids-awareness/
Mental Health Awareness,https://www.pinmart.com/awareness/mental-health-awareness/
Other Awareness,https://www.pinmart.com/awareness/other-awareness/
Patriotic Pins and More,https://www.pinmart.com/awareness/patriotic-pins-and-more/
Engravable Awareness Pins,https://www.pinmart.com/engravable/engravable-pins/engravable-awareness-pins/
Engravable First Responder Pins,https://www.pinmart.com/engravable/engravable-pins/engravable-first-responder-pins/
Engravable Military Pins,https://www.pinmart.com/engravable/engravable-pins/engravable-military-pins/
Engravable Nursing Pins,https://www.pinmart.com/engravable/engravable-pins/engravable-nursing-pins/
Engravable Recognition & Service Pins,https://www.pinmart.com/engravable/engravable-pins/engravable-recognition-service-pins/
Engravable Military Coins,https://www.pinmart.com/engravable/engravable-coins/engravable-military-coins/
Engravable Recognition & Service Coins,https://www.pinmart.com/engravable/engravable-coins/engravable-recognition-service-coins/
Engravable Veteran Coins,https://www.pinmart.com/engravable/engravable-coins/engravable-veteran-coins/
Engravable First Responder Coins,https://www.pinmart.com/engravable/engravable-coins/engravable-first-responder-coins/
Engravable Dog Tags,https://www.pinmart.com/engravable/engravable-dog-tags/
Engravable Academic Medals,https://www.pinmart.com/engravable/engravable-medals/engravable-academic-medals/
Engravable Award Medals,https://www.pinmart.com/engravable/engravable-medals/engravable-award-medals/
Engravable Sports Medals,https://www.pinmart.com/engravable/engravable-medals/engravable-sports-medals/
Neck Ribbons,https://www.pinmart.com/engravable/engravable-medals/neck-ribbons/
Engravable Tie Clips,https://www.pinmart.com/engravable/engravable-tie-clips/
Engraved Ornaments,https://www.pinmart.com/engravable/engraved-ornaments/
Gift Sets,https://www.pinmart.com/more/more-stock-products/gift-sets/
Golf Accessories,https://www.pinmart.com/more/more-stock-products/golf-accessories/
Hot New Products,https://www.pinmart.com/more/more-stock-products/hot-new-products/
Custom Lanyards,https://www.pinmart.com/lanyards/custom-lanyards/
Awareness Lanyards,https://www.pinmart.com/lanyards/awareness-lanyards/
Blank Lanyards,https://www.pinmart.com/lanyards/blank-lanyards/
Lanyard Accessories,https://www.pinmart.com/lanyards/lanyard-accessories/
School & Sports Lanyards,https://www.pinmart.com/lanyards/school-sports-lanyards/
Military & Patriotic Lanyards,https://www.pinmart.com/lanyards/military-patriotic-lanyards/
Motivational & Inspirational Lanyards,https://www.pinmart.com/lanyards/motivational-inspirational-lanyards/
Made in the USA Products,https://www.pinmart.com/landing-pages/made-in-the-usa-products/
Men's Cufflinks,https://www.pinmart.com/more/more-stock-products/mens-accessories/mens-cufflinks/
Men's Gift Sets,https://www.pinmart.com/more/more-stock-products/mens-accessories/mens-gift-sets/
Men's Pins,https://www.pinmart.com/more/more-stock-products/mens-accessories/mens-pins/
Men's Tie Clips,https://www.pinmart.com/more/more-stock-products/mens-accessories/mens-tie-clips/
Men's Tie Pins,https://www.pinmart.com/more/more-stock-products/mens-accessories/mens-tie-pins/
Military & Patriotic Apparel,https://www.pinmart.com/more/more-stock-products/apparel/
Military & Patriotic Drinkware,https://www.pinmart.com/more/more-stock-products/drinkware/
Ornaments,https://www.pinmart.com/more/more-stock-products/ornaments/
Wood Gifts,https://www.pinmart.com/more/wood-gifts/
More Custom Products,https://www.pinmart.com/more/more-custom-products/
9-11 Commemorative Items,https://www.pinmart.com/landing-pages/awareness/9-11-commemorative-items/
Autism Awareness,https://www.pinmart.com/landing-pages/awareness/autism-awareness/
Breast Cancer Awareness,https://www.pinmart.com/landing-pages/awareness/breast-cancer-awareness/
Cancer Awareness,https://www.pinmart.com/landing-pages/awareness/cancer-awareness/
Child Abuse Awareness,https://www.pinmart.com/landing-pages/awareness/child-abuse-awareness/
Domestic Violence Awareness,https://www.pinmart.com/landing-pages/awareness/domestic-violence-awareness/
Down Syndrome Awareness,https://www.pinmart.com/landing-pages/awareness/down-syndrome-awareness/
Employee Recognition,https://www.pinmart.com/landing-pages/awareness/employee-recognition/
Heart Disease Awareness,https://www.pinmart.com/landing-pages/awareness/heart-disease-awareness/
HIV / AIDS Awareness,https://www.pinmart.com/landing-pages/awareness/hiv-aids-awareness/
Mental Health Awareness,https://www.pinmart.com/landing-pages/awareness/mental-health-awareness/
Other Awareness,https://www.pinmart.com/landing-pages/awareness/other-awareness/
Patriotic Pins and More,https://www.pinmart.com/landing-pages/awareness/patriotic-pins-and-more/
Class of 2024 Sale Items,https://www.pinmart.com/landing-pages/class-of-2024-sale-items/
Custom Golf Accessories,https://www.pinmart.com/landing-pages/custom-golf-accessories/
Democratic Party,https://www.pinmart.com/landing-pages/democratic-party/
Engravable Dog Tags,https://www.pinmart.com/landing-pages/engravable/engravable-dog-tags/
Engravable Awareness Pins,https://www.pinmart.com/landing-pages/engravable/engravable-pins/engravable-awareness-pins/
Engravable First Responder Pins,https://www.pinmart.com/landing-pages/engravable/engravable-pins/engravable-first-responder-pins/
Engravable Military Pins,https://www.pinmart.com/landing-pages/engravable/engravable-pins/engravable-military-pins/
Engravable Recognition & Service Pins,https://www.pinmart.com/landing-pages/engravable/engravable-pins/engravable-recognition-service-pins/
Engravable Tie Clips,https://www.pinmart.com/landing-pages/engravable/engravable-tie-clips/
Four Leaf Clover Pins,https://www.pinmart.com/landing-pages/four-leaf-clover-pins/
Free Veteran Apparel Options,https://www.pinmart.com/landing-pages/free-veteran-apparel-options/
Golf Ball Markers & Pin Sets,https://www.pinmart.com/landing-pages/golf-ball-markers-pin-sets/
Golf Gift Sets,https://www.pinmart.com/landing-pages/golf-gift-sets/
Golf Pins,https://www.pinmart.com/landing-pages/golf-pins/
Military & Patriotic Lanyards,https://www.pinmart.com/landing-pages/lanyards/military-patriotic-lanyards/
Men's Cufflinks,https://www.pinmart.com/landing-pages/mens-accessories/mens-cufflinks/
Men's Gift Sets,https://www.pinmart.com/landing-pages/mens-accessories/mens-gift-sets/
Men's Pins,https://www.pinmart.com/landing-pages/mens-accessories/mens-pins/
Men's Tie Clips,https://www.pinmart.com/landing-pages/mens-accessories/mens-tie-clips/
Mini Foodies & Sweet Treat Patches,https://www.pinmart.com/landing-pages/mini-foodies-sweet-treat-patches/
Mustaches,https://www.pinmart.com/landing-pages/mustaches/
New Gift Bundles,https://www.pinmart.com/landing-pages/gift-bundles/
Pink Pins,https://www.pinmart.com/landing-pages/pink-pins/
Political Pin Sets,https://www.pinmart.com/landing-pages/political-pin-sets/
Quick Order - Custom Gifts,https://www.pinmart.com/landing-pages/quick-order-custom-gifts/
Republican Party,https://www.pinmart.com/landing-pages/republican-party/
Shamrock Accessories,https://www.pinmart.com/landing-pages/shamrock-accessories/
Shamrock Lapel Pins,https://www.pinmart.com/landing-pages/shamrock-lapel-pins/
Wanderlust Travel Patches,https://www.pinmart.com/landing-pages/wanderlust-travel-patches/
Wood Gifts,https://www.pinmart.com/landing-pages/wood-gifts/
Custom,https://www.pinmart.com/landing-pages/custom/
Autumn Pins,https://www.pinmart.com/landing-pages/autumn-season-pins/
Gold Awareness,https://www.pinmart.com/landing-pages/gold-awareness/
Black Awareness,https://www.pinmart.com/landing-pages/black-awareness/
Blood Donor Month,https://www.pinmart.com/landing-pages/blood-donor-month/
Blue Awareness,https://www.pinmart.com/landing-pages/blue-awareness/
Brain Awareness,https://www.pinmart.com/landing-pages/brain-awareness/
Canada Products,https://www.pinmart.com/landing-pages/canada-products/
Child Life Awareness,https://www.pinmart.com/landing-pages/child-life-awareness/
Chinese New Year's Pins,https://www.pinmart.com/landing-pages/chinese-new-years-pins/
Fiesta Pins,https://www.pinmart.com/landing-pages/fiesta-pins/
Cross Pins - Religious,https://www.pinmart.com/landing-pages/cross-pins-religious/
Dental Awareness,https://www.pinmart.com/landing-pages/dental-awareness/
Green Awareness,https://www.pinmart.com/landing-pages/green-awareness/
Grey Awareness,https://www.pinmart.com/landing-pages/grey-awareness/
Hanukkah Holiday Pins,https://www.pinmart.com/landing-pages/hanukkah-holiday-pins/
Light Blue Awareness,https://www.pinmart.com/landing-pages/light-blue-awareness/
Male Breast Cancer Awareness,https://www.pinmart.com/landing-pages/male-breast-cancer-awareness/
Mardi Gras Pins,https://www.pinmart.com/landing-pages/mardi-gras-pins/
New Years Pins,https://www.pinmart.com/landing-pages/new-years-pins/
Orange Awareness,https://www.pinmart.com/landing-pages/orange-awareness/
Pharmacist Pins,https://www.pinmart.com/landing-pages/pharmacist-pins/
Pink and Blue Awareness,https://www.pinmart.com/landing-pages/pink-and-blue-awareness/
Purple Awareness,https://www.pinmart.com/landing-pages/purple-awareness/
Red Awareness,https://www.pinmart.com/landing-pages/red-awareness/
"Red, White & Blue Awareness",https://www.pinmart.com/landing-pages/red-white-blue-awareness/
Stop American Violence Everywhere,https://www.pinmart.com/landing-pages/stop-american-violence-everywhere/
Suicide Prevention,https://www.pinmart.com/landing-pages/suicide-prevention/
Teal Awareness,https://www.pinmart.com/landing-pages/teal-awareness/
Texas Products,https://www.pinmart.com/landing-pages/texas-products/
Thanksgiving Holiday Pins,https://www.pinmart.com/landing-pages/thanksgiving-holiday-pins/
White Awareness,https://www.pinmart.com/landing-pages/white-awareness/
World Health Day,https://www.pinmart.com/landing-pages/world-health-day/
Yoga Pins,https://www.pinmart.com/landing-pages/yoga-pins/
